"Population1","Population2","Lower bound CI limit","Upper bound CI limit","p-value","Fst","Sign"
"AB","SK",0.117952587413387,0.132424897384464,0,0.125013348549481,"***"
"SK","AB",0.117952587413387,0.132424897384464,0,0.125013348549481,"***"
